{
    "confidence_score": 0.6461977958679199,
    "complex_plddt": 0.6902293562889099
}