{
    "confidence_score": 0.8474807143211365,
    "complex_plddt": 0.8478183746337891
}