{
    "confidence_score": 0.3690017759799957,
    "complex_plddt": 0.393123596906662
}