{
    "confidence_score": 0.8104772567749023,
    "complex_plddt": 0.808911144733429
}