{
    "confidence_score": 0.9070242047309875,
    "complex_plddt": 0.9024298191070557
}