{
    "confidence_score": 0.3454553782939911,
    "complex_plddt": 0.38414061069488525
}