{
    "confidence_score": 0.8884566426277161,
    "complex_plddt": 0.8824019432067871
}