{
    "confidence_score": 0.70672208070755,
    "complex_plddt": 0.738618016242981
}