{
    "confidence_score": 0.6119097471237183,
    "complex_plddt": 0.6297085881233215
}