{
    "confidence_score": 0.6466456055641174,
    "complex_plddt": 0.6427527070045471
}