{
    "confidence_score": 0.808840274810791,
    "complex_plddt": 0.8074905872344971
}