{
    "confidence_score": 0.8508697748184204,
    "complex_plddt": 0.8491246104240417
}