{
    "confidence_score": 0.7631657123565674,
    "complex_plddt": 0.7674079537391663
}