{
    "confidence_score": 0.6241384744644165,
    "complex_plddt": 0.6398487687110901
}