{
    "confidence_score": 0.928914487361908,
    "complex_plddt": 0.9227791428565979
}