{
    "confidence_score": 0.5556055903434753,
    "complex_plddt": 0.5661930441856384
}