{
    "confidence_score": 0.7920171022415161,
    "complex_plddt": 0.7761338949203491
}