{
    "confidence_score": 0.7316206693649292,
    "complex_plddt": 0.7369514107704163
}