{
    "confidence_score": 0.8185054063796997,
    "complex_plddt": 0.8099083304405212
}