{
    "confidence_score": 0.8745406270027161,
    "complex_plddt": 0.8712916374206543
}