{
    "confidence_score": 0.8744570016860962,
    "complex_plddt": 0.8666658997535706
}