{
    "confidence_score": 0.7784991264343262,
    "complex_plddt": 0.7753843069076538
}