{
    "confidence_score": 0.779787003993988,
    "complex_plddt": 0.778745174407959
}