{
    "confidence_score": 0.8594703674316406,
    "complex_plddt": 0.8579482436180115
}