{
    "confidence_score": 0.4366551339626312,
    "complex_plddt": 0.42608749866485596
}