{
    "confidence_score": 0.9197792410850525,
    "complex_plddt": 0.9149355292320251
}