{
    "confidence_score": 0.6442624926567078,
    "complex_plddt": 0.6500208973884583
}