{
    "confidence_score": 0.901105523109436,
    "complex_plddt": 0.889950692653656
}