{
    "confidence_score": 0.31364768743515015,
    "complex_plddt": 0.3601109981536865
}