{
    "confidence_score": 0.8921205401420593,
    "complex_plddt": 0.886639416217804
}