{
    "confidence_score": 0.7120439410209656,
    "complex_plddt": 0.7186018228530884
}