{
    "confidence_score": 0.8864596486091614,
    "complex_plddt": 0.8774695992469788
}