{
    "confidence_score": 0.8965849280357361,
    "complex_plddt": 0.8852012753486633
}