{
    "confidence_score": 0.8397132158279419,
    "complex_plddt": 0.8396462202072144
}