{
    "confidence_score": 0.7664166688919067,
    "complex_plddt": 0.7670190930366516
}