{
    "confidence_score": 0.8375530242919922,
    "complex_plddt": 0.8310149908065796
}