{
    "confidence_score": 0.6564631462097168,
    "complex_plddt": 0.6363978385925293
}