{
    "confidence_score": 0.8989264369010925,
    "complex_plddt": 0.8950788378715515
}