{
    "confidence_score": 0.8348520398139954,
    "complex_plddt": 0.8352594375610352
}