{
    "confidence_score": 0.8270161747932434,
    "complex_plddt": 0.8223578929901123
}