{
    "confidence_score": 0.9073461890220642,
    "complex_plddt": 0.8973166942596436
}